"value","config"
5.22728404951801e-06,"config1"
0.00758773930677651,"config1"
0.0135153777717557,"config1"
8.30328686202965e-06,"config1"
0.00873010079677189,"config1"
1.77493703674728e-28,"config2"
0,"config2"
0,"config2"
0,"config2"
0,"config2"
